{
    "minLat": -34.083175,
    "minLon": 150.686692,
    "maxLat": -33.671119,
    "maxLon": 151.160498
}
